name,position,team,owner,total_points,league_id,league_name
Geno Smith,QB,SEA,Njigbas in Paris,220.93,891505,Sunday Funday
Amon-Ra St. Brown,WR,DET,Njigbas in Paris,279.98,891505,Sunday Funday
Jaxon Smith-Njigba,WR,SEA,Njigbas in Paris,226.95,891505,Sunday Funday
Mike Evans,WR,TB,Njigbas in Paris,210.0,891505,Sunday Funday
Aaron Jones Sr.,RB,MIN,Njigbas in Paris,217.35,891505,Sunday Funday
Zach Charbonnet,RB,SEA,Njigbas in Paris,170.3,891505,Sunday Funday
Cole Kmet,TE,CHI,Njigbas in Paris,106.85,891505,Sunday Funday
Chase Brown,RB,CIN,Njigbas in Paris,242.0,891505,Sunday Funday
Kenneth Walker III,RB,SEA,Njigbas in Paris,169.95,891505,Sunday Funday
C.J. Stroud,QB,HOU,Njigbas in Paris,192.88,891505,Sunday Funday
Xavier Worthy,WR,KC,Njigbas in Paris,174.7,891505,Sunday Funday
Xavier Legette,WR,CAR,Njigbas in Paris,107.6,891505,Sunday Funday
Alec Pierce,WR,IND,Njigbas in Paris,148.7,891505,Sunday Funday
Chase McLaughlin,K,TB,Njigbas in Paris,133.0,891505,Sunday Funday
Miami,DEF,MIA,Njigbas in Paris,154.0,891505,Sunday Funday
Romeo Doubs,WR,GB,Njigbas in Paris,120.6,891505,Sunday Funday
Chris Olave,WR,NO,Njigbas in Paris,68.95,891505,Sunday Funday
Kyler Murray,QB,ARI,Don’t Stop Believing,261.61,891505,Sunday Funday
Marvin Harrison Jr.,WR,ARI,Don’t Stop Believing,168.2,891505,Sunday Funday
Tee Higgins,WR,CIN,Don’t Stop Believing,198.8,891505,Sunday Funday
DeVonta Smith,WR,PHI,Don’t Stop Believing,189.9,891505,Sunday Funday
Derrick Henry,RB,BAL,Don’t Stop Believing,312.55,891505,Sunday Funday
Joe Mixon,RB,HOU,Don’t Stop Believing,236.2,891505,Sunday Funday
David Njoku,TE,CLE,Don’t Stop Believing,132.5,891505,Sunday Funday
Tyrone Tracy Jr.,RB,NYG,Don’t Stop Believing,167.45,891505,Sunday Funday
Justin Herbert,QB,LAC,Don’t Stop Believing,244.11,891505,Sunday Funday
Nick Westbrook-Ikhine,WR,TEN,Don’t Stop Believing,122.7,891505,Sunday Funday
Gus Edwards,RB,LAC,Don’t Stop Believing,64.1,891505,Sunday Funday
Cedric Tillman,WR,CLE,Don’t Stop Believing,72.65,891505,Sunday Funday
Noah Brown,WR,WAS,Don’t Stop Believing,79.8,891505,Sunday Funday
Tyler Bass,K,BUF,Don’t Stop Believing,123.0,891505,Sunday Funday
Cincinnati,DEF,CIN,Don’t Stop Believing,147.5,891505,Sunday Funday
Allen Lazard,WR,NYJ,Don’t Stop Believing,104.4,891505,Sunday Funday
Lamar Jackson,QB,BAL,Suck my diggs,414.9,891505,Sunday Funday
Jameson Williams,WR,DET,Suck my diggs,201.8,891505,Sunday Funday
A.J. Brown,WR,PHI,Suck my diggs,210.65,891505,Sunday Funday
Jerry Jeudy,WR,CLE,Suck my diggs,216.6,891505,Sunday Funday
Saquon Barkley,RB,PHI,Suck my diggs,368.8,891505,Sunday Funday
D'Andre Swift,RB,CHI,Suck my diggs,194.25,891505,Sunday Funday
T.J. Hockenson,TE,MIN,Suck my diggs,74.6,891505,Sunday Funday
George Pickens,WR,PIT,Suck my diggs,152.9,891505,Sunday Funday
Dalton Schultz,TE,HOU,Suck my diggs,99.8,891505,Sunday Funday
Rhamondre Stevenson,RB,NE,Suck my diggs,164.9,891505,Sunday Funday
Quentin Johnston,WR,LAC,Suck my diggs,135.6,891505,Sunday Funday
Caleb Williams,QB,CHI,Suck my diggs,214.62,891505,Sunday Funday
Antonio Gibson,RB,NE,Suck my diggs,89.05,891505,Sunday Funday
Cameron Dicker,K,LAC,Suck my diggs,133.0,891505,Sunday Funday
New Orleans,DEF,NO,Suck my diggs,144.5,891505,Sunday Funday
Green Bay,DEF,GB,Suck my diggs,230.5,891505,Sunday Funday
Joe Burrow,QB,CIN,Ricky’s Rolex,365.84,891505,Sunday Funday
Davante Adams,WR,NYJ,Ricky’s Rolex,206.75,891505,Sunday Funday
DK Metcalf,WR,SEA,Ricky’s Rolex,166.9,891505,Sunday Funday
Jayden Reed,WR,GB,Ricky’s Rolex,185.15,891505,Sunday Funday
Bijan Robinson,RB,ATL,Ricky’s Rolex,298.15,891505,Sunday Funday
Josh Jacobs,RB,GB,Ricky’s Rolex,273.75,891505,Sunday Funday
Brock Bowers,TE,LV,Ricky’s Rolex,224.45,891505,Sunday Funday
James Conner,RB,ARI,Ricky’s Rolex,246.8,891505,Sunday Funday
Brian Robinson Jr.,RB,WAS,Ricky’s Rolex,156.7,891505,Sunday Funday
Sam LaPorta,TE,DET,Ricky’s Rolex,151.05,891505,Sunday Funday
Isaac Guerendo,RB,SF,Ricky’s Rolex,89.95,891505,Sunday Funday
Bryce Young,QB,CAR,Ricky’s Rolex,146.83,891505,Sunday Funday
Tim Patrick,WR,DET,Ricky’s Rolex,81.9,891505,Sunday Funday
Dontayvion Wicks,WR,GB,Ricky’s Rolex,92.1,891505,Sunday Funday
Jason Sanders,K,MIA,Ricky’s Rolex,127.0,891505,Sunday Funday
Indianapolis,DEF,IND,Ricky’s Rolex,147.5,891505,Sunday Funday
Jayden Daniels,QB,WAS,...but we got Jayden Daniels,343.35,891505,Sunday Funday
Ladd McConkey,WR,LAC,...but we got Jayden Daniels,211.65,891505,Sunday Funday
Drake London,WR,ATL,...but we got Jayden Daniels,219.1,891505,Sunday Funday
Calvin Ridley,WR,TEN,...but we got Jayden Daniels,179.9,891505,Sunday Funday
Bucky Irving,RB,TB,...but we got Jayden Daniels,221.0,891505,Sunday Funday
Kareem Hunt,RB,KC,...but we got Jayden Daniels,151.15,891505,Sunday Funday
Trey McBride,TE,ARI,...but we got Jayden Daniels,206.55,891505,Sunday Funday
Jalen McMillan,WR,TB,...but we got Jayden Daniels,108.4,891505,Sunday Funday
CeeDee Lamb,WR,DAL,...but we got Jayden Daniels,245.9,891505,Sunday Funday
Najee Harris,RB,PIT,...but we got Jayden Daniels,183.25,891505,Sunday Funday
Patrick Mahomes,QB,KC,...but we got Jayden Daniels,272.02,891505,Sunday Funday
Tucker Kraft,TE,GB,...but we got Jayden Daniels,146.7,891505,Sunday Funday
Travis Etienne Jr.,RB,JAX,...but we got Jayden Daniels,111.7,891505,Sunday Funday
Audric Estime,RB,DEN,...but we got Jayden Daniels,37.05,891505,Sunday Funday
Chad Ryland,K,ARI,...but we got Jayden Daniels,98.0,891505,Sunday Funday
Los Angeles,DEF,LAC,...but we got Jayden Daniels,204.0,891505,Sunday Funday
Jonathon Brooks,RB,CAR,...but we got Jayden Daniels,6.75,891505,Sunday Funday
Younghoe Koo,K,ATL,...but we got Jayden Daniels,101.0,891505,Sunday Funday
Bo Nix,QB,DEN,Dawg Pound,278.91,891505,Sunday Funday
Tyreek Hill,WR,MIA,Dawg Pound,198.95,891505,Sunday Funday
Jauan Jennings,WR,SF,Dawg Pound,181.8,891505,Sunday Funday
Cooper Kupp,WR,LAR,Dawg Pound,162.25,891505,Sunday Funday
De'Von Achane,RB,MIA,Dawg Pound,265.55,891505,Sunday Funday
Rico Dowdle,RB,DAL,Dawg Pound,173.65,891505,Sunday Funday
Mark Andrews,TE,BAL,Dawg Pound,161.4,891505,Sunday Funday
Courtland Sutton,WR,DEN,Dawg Pound,202.25,891505,Sunday Funday
Sam Darnold,QB,MIN,Dawg Pound,289.07,891505,Sunday Funday
Ameer Abdullah,RB,LV,Dawg Pound,115.7,891505,Sunday Funday
Elijah Moore,WR,CLE,Dawg Pound,101.3,891505,Sunday Funday
Pat Freiermuth,TE,PIT,Dawg Pound,130.05,891505,Sunday Funday
Javonte Williams,RB,DEN,Dawg Pound,133.85,891505,Sunday Funday
Tyjae Spears,RB,TEN,Dawg Pound,106.35,891505,Sunday Funday
Chris Boswell,K,PIT,Dawg Pound,153.0,891505,Sunday Funday
Arizona,DEF,ARI,Dawg Pound,154.5,891505,Sunday Funday
Zack Moss,RB,CIN,Dawg Pound,75.15,891505,Sunday Funday
Tua Tagovailoa,QB,MIA,Tua Lipa,175.83,891505,Sunday Funday
Justin Jefferson,WR,MIN,Tua Lipa,293.33,891505,Sunday Funday
Jaylen Waddle,WR,MIA,Tua Lipa,129.35,891505,Sunday Funday
Zay Flowers,WR,BAL,Tua Lipa,196.4,891505,Sunday Funday
Jahmyr Gibbs,RB,DET,Tua Lipa,312.9,891505,Sunday Funday
Rachaad White,RB,TB,Tua Lipa,186.1,891505,Sunday Funday
Jonnu Smith,TE,MIA,Tua Lipa,187.2,891505,Sunday Funday
Keenan Allen,WR,CHI,Tua Lipa,167.4,891505,Sunday Funday
Nick Chubb,RB,CLE,Tua Lipa,61.55,891505,Sunday Funday
Christian Watson,WR,GB,Tua Lipa,104.3,891505,Sunday Funday
Dalton Kincaid,TE,BUF,Tua Lipa,89.3,891505,Sunday Funday
Aaron Rodgers,QB,NYJ,Tua Lipa,218.87,891505,Sunday Funday
Devin Singletary,RB,NYG,Tua Lipa,88.65,891505,Sunday Funday
Marquez Valdes-Scantling,WR,NO,Tua Lipa,80.2,891505,Sunday Funday
Jake Bates,K,DET,Tua Lipa,132.0,891505,Sunday Funday
Detroit,DEF,DET,Tua Lipa,177.0,891505,Sunday Funday
Tank Bigsby,RB,JAX,Tua Lipa,118.8,891505,Sunday Funday
Keon Coleman,WR,BUF,Tua Lipa,104.0,891505,Sunday Funday
Anthony Richardson,QB,IND,Breece Hallmighty,160.61,891505,Sunday Funday
Amari Cooper,WR,BUF,Breece Hallmighty,111.7,891505,Sunday Funday
Adam Thielen,WR,CAR,Breece Hallmighty,123.1,891505,Sunday Funday
Jordan Addison,WR,MIN,Breece Hallmighty,205.0,891505,Sunday Funday
Kyren Williams,RB,LAR,Breece Hallmighty,264.1,891505,Sunday Funday
Breece Hall,RB,NYJ,Breece Hallmighty,209.2,891505,Sunday Funday
Travis Kelce,TE,KC,Breece Hallmighty,170.9,891505,Sunday Funday
Terry McLaurin,WR,WAS,Breece Hallmighty,237.6,891505,Sunday Funday
Braelon Allen,RB,NYJ,Breece Hallmighty,76.65,891505,Sunday Funday
Derek Carr,QB,NO,Breece Hallmighty,159.65,891505,Sunday Funday
Brandin Cooks,WR,DAL,Breece Hallmighty,59.85,891505,Sunday Funday
Devaughn Vele,WR,DEN,Breece Hallmighty,82.25,891505,Sunday Funday
Brandon Aubrey,K,DAL,Breece Hallmighty,137.0,891505,Sunday Funday
Baltimore,DEF,BAL,Breece Hallmighty,175.5,891505,Sunday Funday
Seattle,DEF,SEA,Breece Hallmighty,199.0,891505,Sunday Funday
Denver,DEF,DEN,Breece Hallmighty,257.5,891505,Sunday Funday
J.K. Dobbins,RB,LAC,Breece Hallmighty,179.3,891505,Sunday Funday
Josh Downs,WR,IND,Breece Hallmighty,151.6,891505,Sunday Funday
Jordan Love,QB,GB,Let James Cook,236.35,891505,Sunday Funday
Ja'Marr Chase,WR,CIN,Let James Cook,369.9,891505,Sunday Funday
Khalil Shakir,WR,BUF,Let James Cook,167.5,891505,Sunday Funday
Nico Collins,WR,HOU,Let James Cook,187.55,891505,Sunday Funday
James Cook,RB,BUF,Let James Cook,261.4,891505,Sunday Funday
Jerome Ford,RB,CLE,Let James Cook,127.75,891505,Sunday Funday
George Kittle,TE,SF,Let James Cook,217.4,891505,Sunday Funday
DJ Moore,WR,CHI,Let James Cook,196.0,891505,Sunday Funday
DeAndre Hopkins,WR,KC,Let James Cook,132.5,891505,Sunday Funday
Matthew Stafford,QB,LAR,Let James Cook,205.08,891505,Sunday Funday
Zach Ertz,TE,WAS,Let James Cook,146.25,891505,Sunday Funday
Rashod Bateman,WR,BAL,Let James Cook,154.25,891505,Sunday Funday
Jason Myers,K,SEA,Let James Cook,106.0,891505,Sunday Funday
Buffalo,DEF,BUF,Let James Cook,210.5,891505,Sunday Funday
Washington,DEF,WAS,Let James Cook,149.5,891505,Sunday Funday
David Montgomery,RB,DET,Let James Cook,213.22,891505,Sunday Funday
Josh Allen,QB,BUF,Fantasy Princess,385.29,891505,Sunday Funday
Malik Nabers,WR,NYG,Fantasy Princess,234.2,891505,Sunday Funday
Garrett Wilson,WR,NYJ,Fantasy Princess,221.3,891505,Sunday Funday
Brian Thomas Jr.,WR,JAX,Fantasy Princess,256.45,891505,Sunday Funday
Jonathan Taylor,RB,IND,Fantasy Princess,226.2,891505,Sunday Funday
Jeremy McNichols,RB,WAS,Fantasy Princess,61.55,891505,Sunday Funday
Dallas Goedert,TE,PHI,Fantasy Princess,85.85,891505,Sunday Funday
Cade Otton,TE,TB,Fantasy Princess,126.35,891505,Sunday Funday
DeMario Douglas,WR,NE,Fantasy Princess,125.05,891505,Sunday Funday
Jared Goff,QB,DET,Fantasy Princess,323.72,891505,Sunday Funday
Emanuel Wilson,RB,GB,Fantasy Princess,79.4,891505,Sunday Funday
Darnell Mooney,WR,ATL,Fantasy Princess,181.7,891505,Sunday Funday
Hunter Henry,TE,NE,Fantasy Princess,129.65,891505,Sunday Funday
Justin Tucker,K,BAL,Fantasy Princess,119.0,891505,Sunday Funday
Minnesota,DEF,MIN,Fantasy Princess,256.5,891505,Sunday Funday
Tampa Bay,DEF,TB,Fantasy Princess,162.5,891505,Sunday Funday
Austin Ekeler,RB,WAS,Fantasy Princess,118.1,891505,Sunday Funday
Jalen Hurts,QB,PHI,Deebo.Boutabag,305.87,891505,Sunday Funday
Deebo Samuel Sr.,WR,SF,Deebo.Boutabag,144.6,891505,Sunday Funday
Jakobi Meyers,WR,LV,Deebo.Boutabag,172.95,891505,Sunday Funday
Tyler Lockett,WR,SEA,Deebo.Boutabag,104.45,891505,Sunday Funday
Chuba Hubbard,RB,CAR,Deebo.Boutabag,231.85,891505,Sunday Funday
Alvin Kamara,RB,NO,Deebo.Boutabag,252.3,891505,Sunday Funday
Mike Gesicki,TE,CIN,Deebo.Boutabag,114.95,891505,Sunday Funday
Jaylen Warren,RB,PIT,Deebo.Boutabag,111.5,891505,Sunday Funday
Calvin Austin III,WR,PIT,Deebo.Boutabag,115.55,891505,Sunday Funday
Jake Ferguson,TE,DAL,Deebo.Boutabag,84.95,891505,Sunday Funday
Demarcus Robinson,WR,LAR,Deebo.Boutabag,107.8,891505,Sunday Funday
Baker Mayfield,QB,TB,Deebo.Boutabag,330.91,891505,Sunday Funday
Alexander Mattison,RB,LV,Deebo.Boutabag,121.8,891505,Sunday Funday
Ka'imi Fairbairn,K,HOU,Deebo.Boutabag,136.0,891505,Sunday Funday
Matthew Wright,K,TEN,Deebo.Boutabag,45.0,891505,Sunday Funday
Philadelphia,DEF,PHI,Deebo.Boutabag,215.5,891505,Sunday Funday
Christian McCaffrey,RB,SF,Deebo.Boutabag,43.55,891505,Sunday Funday
Brock Purdy,QB,SF,purdy pitts,262.86,891505,Sunday Funday
Puka Nacua,WR,LAR,purdy pitts,191.35,891505,Sunday Funday
Ray-Ray McCloud,WR,ATL,purdy pitts,114.15,891505,Sunday Funday
Michael Wilson,WR,ARI,purdy pitts,114.5,891505,Sunday Funday
Tony Pollard,RB,TEN,purdy pitts,186.25,891505,Sunday Funday
Isiah Pacheco,RB,KC,purdy pitts,53.9,891505,Sunday Funday
Kyle Pitts,TE,ATL,purdy pitts,120.2,891505,Sunday Funday
Wan'Dale Robinson,WR,NYG,purdy pitts,147.65,891505,Sunday Funday
Kirk Cousins,QB,ATL,purdy pitts,169.32,891505,Sunday Funday
Michael Pittman Jr.,WR,IND,purdy pitts,137.85,891505,Sunday Funday
Tank Dell,WR,HOU,purdy pitts,128.75,891505,Sunday Funday
Raheem Mostert,RB,MIA,purdy pitts,65.15,891505,Sunday Funday
Tommy DeVito,QB,NYG,purdy pitts,10.48,891505,Sunday Funday
Ja'Tavion Sanders,TE,CAR,purdy pitts,59.45,891505,Sunday Funday
Jake Elliott,K,PHI,purdy pitts,122.0,891505,Sunday Funday
San Francisco,DEF,SF,purdy pitts,154.0,891505,Sunday Funday
Josh Allen,QB,BUF,Njigbas in Paris,438.04,304935,BNH
Puka Nacua,WR,LAR,Njigbas in Paris,206.6,304935,BNH
Jaxon Smith-Njigba,WR,SEA,Njigbas in Paris,247.7,304935,BNH
James Conner,RB,ARI,Njigbas in Paris,253.8,304935,BNH
Jerome Ford,RB,CLE,Njigbas in Paris,134.0,304935,BNH
Juwan Johnson,TE,NO,Njigbas in Paris,108.8,304935,BNH
Jakobi Meyers,WR,LV,Njigbas in Paris,190.7,304935,BNH
Garrett Wilson,WR,NYJ,Njigbas in Paris,242.8,304935,BNH
Isiah Pacheco,RB,KC,Njigbas in Paris,56.9,304935,BNH
DeVonta Smith,WR,PHI,Njigbas in Paris,199.4,304935,BNH
Cade Otton,TE,TB,Njigbas in Paris,140.6,304935,BNH
Jaylen Warren,RB,PIT,Njigbas in Paris,122.0,304935,BNH
Brock Purdy,QB,SF,Njigbas in Paris,312.86,304935,BNH
Devaughn Vele,WR,DEN,Njigbas in Paris,91.5,304935,BNH
Jake Moody,K,SF,Njigbas in Paris,110.0,304935,BNH
Indianapolis,DEF,IND,Njigbas in Paris,87.0,304935,BNH
Rashid Shaheed,WR,NO,Njigbas in Paris,79.8,304935,BNH
Sam Darnold,QB,MIN,Jordan Love Sosa,376.32,304935,BNH
Mike Evans,WR,TB,Jordan Love Sosa,222.5,304935,BNH
Jayden Reed,WR,GB,Jordan Love Sosa,191.9,304935,BNH
Braelon Allen,RB,NYJ,Jordan Love Sosa,80.9,304935,BNH
Ameer Abdullah,RB,LV,Jordan Love Sosa,125.2,304935,BNH
Sam LaPorta,TE,DET,Jordan Love Sosa,161.3,304935,BNH
Adam Thielen,WR,CAR,Jordan Love Sosa,130.1,304935,BNH
Elijah Moore,WR,CLE,Jordan Love Sosa,114.3,304935,BNH
Ray Davis,RB,BUF,Jordan Love Sosa,101.6,304935,BNH
Breece Hall,RB,NYJ,Jordan Love Sosa,222.7,304935,BNH
Jonathan Taylor,RB,IND,Jordan Love Sosa,219.7,304935,BNH
Zay Flowers,WR,BAL,Jordan Love Sosa,206.4,304935,BNH
Jordan Love,QB,GB,Jordan Love Sosa,286.6,304935,BNH
DeMario Douglas,WR,NE,Jordan Love Sosa,141.3,304935,BNH
Chase McLaughlin,K,TB,Jordan Love Sosa,153.0,304935,BNH
Tampa Bay,DEF,TB,Jordan Love Sosa,101.0,304935,BNH
Patrick Mahomes,QB,KC,Running Back University,340.52,304935,BNH
A.J. Brown,WR,PHI,Running Back University,216.9,304935,BNH
DeAndre Hopkins,WR,KC,Running Back University,147.0,304935,BNH
Derrick Henry,RB,BAL,Running Back University,306.3,304935,BNH
Joe Mixon,RB,HOU,Running Back University,236.7,304935,BNH
George Kittle,TE,SF,Running Back University,231.9,304935,BNH
Jauan Jennings,WR,SF,Running Back University,198.3,304935,BNH
Tyrone Tracy Jr.,RB,NYG,Running Back University,173.7,304935,BNH
Rome Odunze,WR,CHI,Running Back University,141.1,304935,BNH
Kareem Hunt,RB,KC,Running Back University,155.4,304935,BNH
Mark Andrews,TE,BAL,Running Back University,173.4,304935,BNH
Chad Ryland,K,ARI,Running Back University,111.0,304935,BNH
Justin Tucker,K,BAL,Running Back University,138.0,304935,BNH
Denver,DEF,DEN,Running Back University,166.0,304935,BNH
Arizona,DEF,ARI,Running Back University,86.0,304935,BNH
Romeo Doubs,WR,GB,Running Back University,132.1,304935,BNH
Christian McCaffrey,RB,SF,Running Back University,47.8,304935,BNH
Jalen Hurts,QB,PHI,Najee Hercules Legend,353.62,304935,BNH
CeeDee Lamb,WR,DAL,Najee Hercules Legend,263.4,304935,BNH
Rashod Bateman,WR,BAL,Najee Hercules Legend,156.0,304935,BNH
Najee Harris,RB,PIT,Najee Hercules Legend,189.0,304935,BNH
Rhamondre Stevenson,RB,NE,Najee Hercules Legend,175.9,304935,BNH
David Njoku,TE,CLE,Najee Hercules Legend,148.5,304935,BNH
Nick Westbrook-Ikhine,WR,TEN,Najee Hercules Legend,126.7,304935,BNH
Marvin Harrison Jr.,WR,ARI,Najee Hercules Legend,179.2,304935,BNH
Demarcus Robinson,WR,LAR,Najee Hercules Legend,113.3,304935,BNH
Sincere McCormick,RB,LV,Najee Hercules Legend,27.2,304935,BNH
Alec Pierce,WR,IND,Najee Hercules Legend,147.7,304935,BNH
Tank Dell,WR,HOU,Najee Hercules Legend,140.0,304935,BNH
Caleb Williams,QB,CHI,Najee Hercules Legend,284.62,304935,BNH
Ka'imi Fairbairn,K,HOU,Najee Hercules Legend,167.0,304935,BNH
Cleveland,DEF,CLE,Najee Hercules Legend,82.0,304935,BNH
New York,DEF,NYJ,Najee Hercules Legend,76.0,304935,BNH
Matthew Stafford,QB,LAR,Shanahan Offense,258.58,304935,BNH
Malik Nabers,WR,NYG,Shanahan Offense,256.2,304935,BNH
Darnell Mooney,WR,ATL,Shanahan Offense,193.2,304935,BNH
Aaron Jones Sr.,RB,MIN,Shanahan Offense,229.1,304935,BNH
James Cook,RB,BUF,Shanahan Offense,257.9,304935,BNH
Evan Engram,TE,JAX,Shanahan Offense,89.5,304935,BNH
Marquez Valdes-Scantling,WR,NO,Shanahan Offense,78.2,304935,BNH
Pat Freiermuth,TE,PIT,Shanahan Offense,145.8,304935,BNH
Courtland Sutton,WR,DEN,Shanahan Offense,221.5,304935,BNH
Javonte Williams,RB,DEN,Shanahan Offense,147.1,304935,BNH
Michael Pittman Jr.,WR,IND,Shanahan Offense,152.6,304935,BNH
Cedric Tillman,WR,CLE,Shanahan Offense,80.4,304935,BNH
Mason Tipton,WR,NO,Shanahan Offense,23.9,304935,BNH
Jordan Mason,RB,SF,Shanahan Offense,115.0,304935,BNH
Tyler Bass,K,BUF,Shanahan Offense,141.0,304935,BNH
Cincinnati,DEF,CIN,Shanahan Offense,91.0,304935,BNH
Chris Olave,WR,NO,Shanahan Offense,76.7,304935,BNH
Jayden Daniels,QB,WAS,Fergalicious,406.1,304935,BNH
Terry McLaurin,WR,WAS,Fergalicious,247.6,304935,BNH
DJ Moore,WR,CHI,Fergalicious,216.0,304935,BNH
Saquon Barkley,RB,PHI,Fergalicious,355.3,304935,BNH
Jahmyr Gibbs,RB,DET,Fergalicious,316.9,304935,BNH
Jake Ferguson,TE,DAL,Fergalicious,101.2,304935,BNH
Chase Brown,RB,CIN,Fergalicious,255.0,304935,BNH
Josh Downs,WR,IND,Fergalicious,164.1,304935,BNH
Zach Charbonnet,RB,SEA,Fergalicious,177.8,304935,BNH
Bo Nix,QB,DEN,Fergalicious,339.66,304935,BNH
Tank Bigsby,RB,JAX,Fergalicious,117.8,304935,BNH
Chig Okonkwo,TE,TEN,Fergalicious,113.6,304935,BNH
Brandon Aubrey,K,DAL,Fergalicious,178.0,304935,BNH
Miami,DEF,MIA,Fergalicious,80.0,304935,BNH
Jaylen Waddle,WR,MIA,Fergalicious,140.6,304935,BNH
Isaac Guerendo,RB,SF,Fergalicious,93.7,304935,BNH
Joe Burrow,QB,CIN,Mostert on the Beat Ho,447.84,304935,BNH
Justin Jefferson,WR,MIN,Mostert on the Beat Ho,309.08,304935,BNH
Ladd McConkey,WR,LAC,Mostert on the Beat Ho,224.4,304935,BNH
Kyren Williams,RB,LAR,Mostert on the Beat Ho,272.1,304935,BNH
Rachaad White,RB,TB,Mostert on the Beat Ho,199.6,304935,BNH
Hunter Henry,TE,NE,Mostert on the Beat Ho,145.4,304935,BNH
DK Metcalf,WR,SEA,Mostert on the Beat Ho,176.9,304935,BNH
Jerry Jeudy,WR,CLE,Mostert on the Beat Ho,228.6,304935,BNH
Dalton Kincaid,TE,BUF,Mostert on the Beat Ho,100.8,304935,BNH
Baker Mayfield,QB,TB,Mostert on the Beat Ho,429.66,304935,BNH
Audric Estime,RB,DEN,Mostert on the Beat Ho,39.3,304935,BNH
Raheem Mostert,RB,MIA,Mostert on the Beat Ho,70.9,304935,BNH
Quentin Johnston,WR,LAC,Mostert on the Beat Ho,143.1,304935,BNH
Cameron Dicker,K,LAC,Mostert on the Beat Ho,164.0,304935,BNH
Los Angeles,DEF,LAC,Mostert on the Beat Ho,125.0,304935,BNH
Jared Goff,QB,DET,Cris,392.22,304935,BNH
Nico Collins,WR,HOU,Cris,195.8,304935,BNH
Jameson Williams,WR,DET,Cris,202.8,304935,BNH
Josh Jacobs,RB,GB,Cris,281.5,304935,BNH
Tyjae Spears,RB,TEN,Cris,113.6,304935,BNH
Trey McBride,TE,ARI,Cris,230.3,304935,BNH
Jalen McMillan,WR,TB,Cris,116.4,304935,BNH
Jonnu Smith,TE,MIA,Cris,203.7,304935,BNH
Khalil Shakir,WR,BUF,Cris,182.5,304935,BNH
Amari Cooper,WR,BUF,Cris,122.7,304935,BNH
Keenan Allen,WR,CHI,Cris,180.9,304935,BNH
Sterling Shepard,WR,TB,Cris,78.2,304935,BNH
Zamir White,RB,LV,Cris,29.3,304935,BNH
Jake Bates,K,DET,Cris,153.0,304935,BNH
Buffalo,DEF,BUF,Cris,130.0,304935,BNH
Philadelphia,DEF,PHI,Cris,126.0,304935,BNH
David Montgomery,RB,DET,Cris,223.72,304935,BNH
Justin Herbert,QB,LAC,2girls1kupp,300.86,304935,BNH
Cooper Kupp,WR,LAR,2girls1kupp,175.0,304935,BNH
Xavier Worthy,WR,KC,2girls1kupp,187.2,304935,BNH
Tony Pollard,RB,TEN,2girls1kupp,194.5,304935,BNH
Alexander Mattison,RB,LV,2girls1kupp,130.3,304935,BNH
T.J. Hockenson,TE,MIN,2girls1kupp,83.6,304935,BNH
Jordan Addison,WR,MIN,2girls1kupp,211.5,304935,BNH
Deebo Samuel Sr.,WR,SF,2girls1kupp,153.6,304935,BNH
Lamar Jackson,QB,BAL,2girls1kupp,487.4,304935,BNH
J.K. Dobbins,RB,LAC,2girls1kupp,181.3,304935,BNH
Wan'Dale Robinson,WR,NYG,2girls1kupp,168.4,304935,BNH
Isaiah Likely,TE,BAL,2girls1kupp,116.9,304935,BNH
Noah Gray,TE,KC,2girls1kupp,112.6,304935,BNH
Jake Elliott,K,PHI,2girls1kupp,133.0,304935,BNH
Washington,DEF,WAS,2girls1kupp,87.0,304935,BNH
Tennessee,DEF,TEN,2girls1kupp,67.0,304935,BNH
C.J. Stroud,QB,HOU,Darrell Doucette,258.38,304935,BNH
Drake London,WR,ATL,Darrell Doucette,240.1,304935,BNH
Ja'Marr Chase,WR,CIN,Darrell Doucette,377.4,304935,BNH
De'Von Achane,RB,MIA,Darrell Doucette,281.8,304935,BNH
Brian Robinson Jr.,RB,WAS,Darrell Doucette,157.2,304935,BNH
Brock Bowers,TE,LV,Darrell Doucette,247.7,304935,BNH
Calvin Ridley,WR,TEN,Darrell Doucette,188.9,304935,BNH
Zach Ertz,TE,WAS,Darrell Doucette,162.0,304935,BNH
Antonio Gibson,RB,NE,Darrell Doucette,93.3,304935,BNH
Kirk Cousins,QB,ATL,Darrell Doucette,220.32,304935,BNH
D'Andre Swift,RB,CHI,Darrell Doucette,202.0,304935,BNH
Hollywood Brown,WR,KC,Darrell Doucette,18.1,304935,BNH
Xavier Legette,WR,CAR,Darrell Doucette,119.1,304935,BNH
Chris Boswell,K,PIT,Darrell Doucette,184.0,304935,BNH
Minnesota,DEF,MIN,Darrell Doucette,157.0,304935,BNH
Green Bay,DEF,GB,Darrell Doucette,143.0,304935,BNH
Chuba Hubbard,RB,CAR,Darrell Doucette,241.6,304935,BNH
Geno Smith,QB,SEA,Grand Lord Telegram,281.18,304935,BNH
Amon-Ra St. Brown,WR,DET,Grand Lord Telegram,304.48,304935,BNH
Tyreek Hill,WR,MIA,Grand Lord Telegram,214.2,304935,BNH
Bucky Irving,RB,TB,Grand Lord Telegram,228.0,304935,BNH
Kendre Miller,RB,NO,Grand Lord Telegram,29.1,304935,BNH
Tucker Kraft,TE,GB,Grand Lord Telegram,155.7,304935,BNH
Tee Higgins,WR,CIN,Grand Lord Telegram,212.8,304935,BNH
Brian Thomas Jr.,WR,JAX,Grand Lord Telegram,266.7,304935,BNH
Alvin Kamara,RB,NO,Grand Lord Telegram,265.3,304935,BNH
George Pickens,WR,PIT,Grand Lord Telegram,163.4,304935,BNH
Nick Chubb,RB,CLE,Grand Lord Telegram,63.3,304935,BNH
Travis Etienne Jr.,RB,JAX,Grand Lord Telegram,121.2,304935,BNH
Patrick Taylor Jr.,RB,SF,Grand Lord Telegram,16.7,304935,BNH
Younghoe Koo,K,ATL,Grand Lord Telegram,120.0,304935,BNH
Baltimore,DEF,BAL,Grand Lord Telegram,104.0,304935,BNH
Houston,DEF,HOU,Grand Lord Telegram,130.0,304935,BNH
Kyler Murray,QB,ARI,Tuacide Squad,308.86,304935,BNH
Davante Adams,WR,NYJ,Tuacide Squad,220.5,304935,BNH
Joshua Palmer,WR,LAC,Tuacide Squad,107.4,304935,BNH
Rico Dowdle,RB,DAL,Tuacide Squad,181.4,304935,BNH
Isaiah Davis,RB,NYJ,Tuacide Squad,41.8,304935,BNH
Travis Kelce,TE,KC,Tuacide Squad,195.4,304935,BNH
Bijan Robinson,RB,ATL,Tuacide Squad,310.4,304935,BNH
Kyle Pitts,TE,ATL,Tuacide Squad,127.7,304935,BNH
Keon Coleman,WR,BUF,Tuacide Squad,105.5,304935,BNH
Kenneth Walker III,RB,SEA,Tuacide Squad,181.2,304935,BNH
Christian Watson,WR,GB,Tuacide Squad,105.3,304935,BNH
Dalton Schultz,TE,HOU,Tuacide Squad,112.3,304935,BNH
Dontayvion Wicks,WR,GB,Tuacide Squad,100.6,304935,BNH
Russell Wilson,QB,PIT,Tuacide Squad,193.76,304935,BNH
Jason Sanders,K,MIA,Tuacide Squad,158.0,304935,BNH
New Orleans,DEF,NO,Tuacide Squad,89.0,304935,BNH
Austin Ekeler,RB,WAS,Tuacide Squad,127.1,304935,BNH
Zack Moss,RB,CIN,Tuacide Squad,81.9,304935,BNH
Tua Tagovailoa,QB,MIA,Martins Dream Team,203.58,1055167,LinkedIn
Justin Jefferson,WR,MIN,Martins Dream Team,327.08,1055167,LinkedIn
Jerry Jeudy,WR,CLE,Martins Dream Team,245.6,1055167,LinkedIn
Chase Brown,RB,CIN,Martins Dream Team,258.0,1055167,LinkedIn
Bijan Robinson,RB,ATL,Martins Dream Team,318.4,1055167,LinkedIn
Zach Ertz,TE,WAS,Martins Dream Team,162.0,1055167,LinkedIn
James Cook,RB,BUF,Martins Dream Team,277.9,1055167,LinkedIn
Jauan Jennings,WR,SF,Martins Dream Team,201.3,1055167,LinkedIn
Keenan Allen,WR,CHI,Martins Dream Team,186.9,1055167,LinkedIn
Bo Nix,QB,DEN,Martins Dream Team,308.66,1055167,LinkedIn
Zay Flowers,WR,BAL,Martins Dream Team,222.4,1055167,LinkedIn
Isiah Pacheco,RB,KC,Martins Dream Team,56.9,1055167,LinkedIn
Bucky Irving,RB,TB,Martins Dream Team,238.0,1055167,LinkedIn
Jake Bates,K,DET,Martins Dream Team,153.0,1055167,LinkedIn
Minnesota,DEF,MIN,Martins Dream Team,157.0,1055167,LinkedIn
Sam Darnold,QB,MIN,Camille's Choice Team,336.32,1055167,LinkedIn
Tyreek Hill,WR,MIA,Camille's Choice Team,223.2,1055167,LinkedIn
Nico Collins,WR,HOU,Camille's Choice Team,209.8,1055167,LinkedIn
Zach Charbonnet,RB,SEA,Camille's Choice Team,182.8,1055167,LinkedIn
Rico Dowdle,RB,DAL,Camille's Choice Team,189.4,1055167,LinkedIn
Brock Bowers,TE,LV,Camille's Choice Team,254.7,1055167,LinkedIn
Brian Thomas Jr.,WR,JAX,Camille's Choice Team,282.7,1055167,LinkedIn
Chuba Hubbard,RB,CAR,Camille's Choice Team,249.6,1055167,LinkedIn
Jalen Hurts,QB,PHI,Camille's Choice Team,340.12,1055167,LinkedIn
Kenneth Walker III,RB,SEA,Camille's Choice Team,183.2,1055167,LinkedIn
George Pickens,WR,PIT,Camille's Choice Team,171.4,1055167,LinkedIn
Mark Andrews,TE,BAL,Camille's Choice Team,174.4,1055167,LinkedIn
Marvin Harrison Jr.,WR,ARI,Camille's Choice Team,186.2,1055167,LinkedIn
Daniel Carlson,K,LV,Camille's Choice Team,135.0,1055167,LinkedIn
Tennessee,DEF,TEN,Camille's Choice Team,67.0,1055167,LinkedIn
Jayden Daniels,QB,WAS,Back lives matter,383.6,1055167,LinkedIn
Terry McLaurin,WR,WAS,Back lives matter,264.6,1055167,LinkedIn
DK Metcalf,WR,SEA,Back lives matter,188.9,1055167,LinkedIn
Saquon Barkley,RB,PHI,Back lives matter,397.3,1055167,LinkedIn
Joe Mixon,RB,HOU,Back lives matter,254.7,1055167,LinkedIn
Kyle Pitts,TE,ATL,Back lives matter,132.7,1055167,LinkedIn
Drake London,WR,ATL,Back lives matter,244.1,1055167,LinkedIn
Cooper Kupp,WR,LAR,Back lives matter,184.0,1055167,LinkedIn
David Njoku,TE,CLE,Back lives matter,148.5,1055167,LinkedIn
Breece Hall,RB,NYJ,Back lives matter,228.7,1055167,LinkedIn
Jared Goff,QB,DET,Back lives matter,370.22,1055167,LinkedIn
Javonte Williams,RB,DEN,Back lives matter,147.1,1055167,LinkedIn
Calvin Ridley,WR,TEN,Back lives matter,198.9,1055167,LinkedIn
Ka'imi Fairbairn,K,HOU,Back lives matter,167.0,1055167,LinkedIn
Tampa Bay,DEF,TB,Back lives matter,101.0,1055167,LinkedIn
Joe Burrow,QB,CIN,Alvin's Astounding Team,422.84,1055167,LinkedIn
Amon-Ra St. Brown,WR,DET,Alvin's Astounding Team,313.48,1055167,LinkedIn
Malik Nabers,WR,NYG,Alvin's Astounding Team,265.2,1055167,LinkedIn
Jahmyr Gibbs,RB,DET,Alvin's Astounding Team,331.9,1055167,LinkedIn
Najee Harris,RB,PIT,Alvin's Astounding Team,195.0,1055167,LinkedIn
Trey McBride,TE,ARI,Alvin's Astounding Team,236.3,1055167,LinkedIn
Davante Adams,WR,NYJ,Alvin's Astounding Team,231.5,1055167,LinkedIn
Deebo Samuel Sr.,WR,SF,Alvin's Astounding Team,162.6,1055167,LinkedIn
Anthony Richardson,QB,IND,Alvin's Astounding Team,187.36,1055167,LinkedIn
Kareem Hunt,RB,KC,Alvin's Astounding Team,159.4,1055167,LinkedIn
Travis Etienne Jr.,RB,JAX,Alvin's Astounding Team,121.2,1055167,LinkedIn
Amari Cooper,WR,BUF,Alvin's Astounding Team,122.7,1055167,LinkedIn
Jake Elliott,K,PHI,Alvin's Astounding Team,133.0,1055167,LinkedIn
Miami,DEF,MIA,Alvin's Astounding Team,80.0,1055167,LinkedIn
Pittsburgh,DEF,PIT,Alvin's Astounding Team,131.0,1055167,LinkedIn
Josh Allen,QB,BUF,Last Place Team,409.04,1055167,LinkedIn
Tee Higgins,WR,CIN,Last Place Team,219.8,1055167,LinkedIn
Ladd McConkey,WR,LAC,Last Place Team,237.4,1055167,LinkedIn
De'Von Achane,RB,MIA,Last Place Team,287.8,1055167,LinkedIn
Brian Robinson Jr.,RB,WAS,Last Place Team,167.2,1055167,LinkedIn
Travis Kelce,TE,KC,Last Place Team,197.4,1055167,LinkedIn
Khalil Shakir,WR,BUF,Last Place Team,190.5,1055167,LinkedIn
DeVonta Smith,WR,PHI,Last Place Team,211.4,1055167,LinkedIn
Rachaad White,RB,TB,Last Place Team,200.6,1055167,LinkedIn
Baker Mayfield,QB,TB,Last Place Team,382.16,1055167,LinkedIn
Jayden Reed,WR,GB,Last Place Team,204.9,1055167,LinkedIn
Jaylen Waddle,WR,MIA,Last Place Team,145.6,1055167,LinkedIn
Justin Tucker,K,BAL,Last Place Team,138.0,1055167,LinkedIn
Tyler Bass,K,BUF,Last Place Team,141.0,1055167,LinkedIn
Detroit,DEF,DET,Last Place Team,111.0,1055167,LinkedIn
Justin Herbert,QB,LAC,King of the North,274.36,1055167,LinkedIn
Puka Nacua,WR,LAR,King of the North,217.6,1055167,LinkedIn
DJ Moore,WR,CHI,King of the North,221.0,1055167,LinkedIn
Josh Jacobs,RB,GB,King of the North,288.5,1055167,LinkedIn
Derrick Henry,RB,BAL,King of the North,328.3,1055167,LinkedIn
George Kittle,TE,SF,King of the North,241.9,1055167,LinkedIn
Aaron Jones Sr.,RB,MIN,King of the North,234.1,1055167,LinkedIn
Kyler Murray,QB,ARI,King of the North,297.36,1055167,LinkedIn
Rhamondre Stevenson,RB,NE,King of the North,177.9,1055167,LinkedIn
Jalen McMillan,WR,TB,King of the North,116.4,1055167,LinkedIn
Chig Okonkwo,TE,TEN,King of the North,116.6,1055167,LinkedIn
Will Reichard,K,MIN,King of the North,120.0,1055167,LinkedIn
Chase McLaughlin,K,TB,King of the North,153.0,1055167,LinkedIn
Indianapolis,DEF,IND,King of the North,87.0,1055167,LinkedIn
Kansas City,DEF,KC,King of the North,110.0,1055167,LinkedIn
Chris Olave,WR,NO,King of the North,78.7,1055167,LinkedIn
Caleb Williams,QB,CHI,itsTooBreezy,265.62,1055167,LinkedIn
A.J. Brown,WR,PHI,itsTooBreezy,235.9,1055167,LinkedIn
Courtland Sutton,WR,DEN,itsTooBreezy,225.5,1055167,LinkedIn
Jonathan Taylor,RB,IND,itsTooBreezy,245.7,1055167,LinkedIn
D'Andre Swift,RB,CHI,itsTooBreezy,208.0,1055167,LinkedIn
Dalton Kincaid,TE,BUF,itsTooBreezy,100.8,1055167,LinkedIn
Xavier Worthy,WR,KC,itsTooBreezy,190.2,1055167,LinkedIn
David Montgomery,RB,DET,itsTooBreezy,224.72,1055167,LinkedIn
Ricky Pearsall,WR,SF,itsTooBreezy,80.6,1055167,LinkedIn
Lamar Jackson,QB,BAL,itsTooBreezy,446.4,1055167,LinkedIn
Adam Thielen,WR,CAR,itsTooBreezy,137.1,1055167,LinkedIn
Isaac Guerendo,RB,SF,itsTooBreezy,95.7,1055167,LinkedIn
Brandon Aubrey,K,DAL,itsTooBreezy,178.0,1055167,LinkedIn
Philadelphia,DEF,PHI,itsTooBreezy,126.0,1055167,LinkedIn
San Francisco,DEF,SF,itsTooBreezy,88.0,1055167,LinkedIn
Dallas Goedert,TE,PHI,itsTooBreezy,98.1,1055167,LinkedIn
Jordan Love,QB,GB,Mo's Majestic Team,262.1,1055167,LinkedIn
Mike Evans,WR,TB,Mo's Majestic Team,229.5,1055167,LinkedIn
Ja'Marr Chase,WR,CIN,Mo's Majestic Team,413.4,1055167,LinkedIn
Kyren Williams,RB,LAR,Mo's Majestic Team,280.1,1055167,LinkedIn
James Conner,RB,ARI,Mo's Majestic Team,268.8,1055167,LinkedIn
Jonnu Smith,TE,MIA,Mo's Majestic Team,210.7,1055167,LinkedIn
Jaxon Smith-Njigba,WR,SEA,Mo's Majestic Team,255.7,1055167,LinkedIn
Patrick Mahomes,QB,KC,Mo's Majestic Team,308.02,1055167,LinkedIn
T.J. Hockenson,TE,MIN,Mo's Majestic Team,85.6,1055167,LinkedIn
Jakobi Meyers,WR,LV,Mo's Majestic Team,195.7,1055167,LinkedIn
Garrett Wilson,WR,NYJ,Mo's Majestic Team,251.8,1055167,LinkedIn
Sam LaPorta,TE,DET,Mo's Majestic Team,166.3,1055167,LinkedIn
Chris Boswell,K,PIT,Mo's Majestic Team,184.0,1055167,LinkedIn
Green Bay,DEF,GB,Mo's Majestic Team,143.0,1055167,LinkedIn
Buffalo,DEF,BUF,Mo's Majestic Team,130.0,1055167,LinkedIn
Alvin Kamara,RB,NO,Mo's Majestic Team,274.3,1055167,LinkedIn
